section_id,section_title,topic_id,topic_title,subtopic,,
BNF,BNF Chapters,anaesthesia,Anaesthesia and Intensive Care,General Anaesthesia,,
BNF,BNF Chapters,anaesthesia,Anaesthesia and Intensive Care,Local Anaesthetics,,
BNF,BNF Chapters,anaesthesia,Anaesthesia and Intensive Care,Sedation,,
BNF,BNF Chapters,anaesthesia,Anaesthesia and Intensive Care,Analgesia in Intensive Care,,
BNF,BNF Chapters,anaesthesia,Anaesthesia and Intensive Care,Muscle Relaxants,,
BNF,BNF Chapters,anaesthesia,Anaesthesia and Intensive Care,Anaesthetic Equipment and Agents,,
BNF,BNF Chapters,anaesthesia,Anaesthesia and Intensive Care,Emergency Drugs,,
BNF,BNF Chapters,antimicrobial,Antimicrobial Agents,Antibiotics,,
BNF,BNF Chapters,antimicrobial,Antimicrobial Agents,Antivirals,,
BNF,BNF Chapters,antimicrobial,Antimicrobial Agents,Antifungals,,
BNF,BNF Chapters,antimicrobial,Antimicrobial Agents,Antiparasitics,,
BNF,BNF Chapters,antimicrobial,Antimicrobial Agents,Mechanisms of Action,,
BNF,BNF Chapters,antimicrobial,Antimicrobial Agents,Clinical Guidelines for Use,,
BNF,BNF Chapters,cardiovascular,Cardiovascular System,Antihypertensives,,
BNF,BNF Chapters,cardiovascular,Cardiovascular System,Antianginals,,
BNF,BNF Chapters,cardiovascular,Cardiovascular System,Anticoagulants and Antiplatelets,,
BNF,BNF Chapters,cardiovascular,Cardiovascular System,Lipid-Lowering Agents,,
BNF,BNF Chapters,cardiovascular,Cardiovascular System,Antiarrhythmics,,
BNF,BNF Chapters,cardiovascular,Cardiovascular System,Heart Failure Medications,,
BNF,BNF Chapters,cardiovascular,Cardiovascular System,Peripheral Vascular Drugs,,
BNF,BNF Chapters,nervous,Central Nervous System,Analgesics,,
BNF,BNF Chapters,nervous,Central Nervous System,Anxiolytics and Hypnotics,,
BNF,BNF Chapters,nervous,Central Nervous System,Antidepressants,,
BNF,BNF Chapters,nervous,Central Nervous System,Antipsychotics,,
BNF,BNF Chapters,nervous,Central Nervous System,Antiepileptics,,
BNF,BNF Chapters,nervous,Central Nervous System,Dementia and Alzheimer’s Disease,,
BNF,BNF Chapters,nervous,Central Nervous System,Parkinson’s Disease,,
BNF,BNF Chapters,nervous,Central Nervous System,Multiple Sclerosis,,
BNF,BNF Chapters,nervous,Central Nervous System,Sleep Disorders,,
BNF,BNF Chapters,endocrine,Endocrine System,Diabetes Mellitus,,
BNF,BNF Chapters,endocrine,Endocrine System,Thyroid Disorders,,
BNF,BNF Chapters,endocrine,Endocrine System,Adrenal Disorders,,
BNF,BNF Chapters,endocrine,Endocrine System,Pituitary Disorders,,
BNF,BNF Chapters,endocrine,Endocrine System,Osteoporosis,,
BNF,BNF Chapters,endocrine,Endocrine System,Growth Disorders,,
BNF,BNF Chapters,endocrine,Endocrine System,Reproductive Endocrinology,,
BNF,BNF Chapters,gastrointestinal,Gastrointestinal System,Gastroesophageal Reflux Disease (GERD),,
BNF,BNF Chapters,gastrointestinal,Gastrointestinal System,Peptic Ulcer Disease,,
BNF,BNF Chapters,gastrointestinal,Gastrointestinal System,Inflammatory Bowel Disease (IBD),,
BNF,BNF Chapters,gastrointestinal,Gastrointestinal System,Irritable Bowel Syndrome (IBS),,
BNF,BNF Chapters,gastrointestinal,Gastrointestinal System,Liver Disorders,,
BNF,BNF Chapters,gastrointestinal,Gastrointestinal System,Pancreatic Disorders,,
BNF,BNF Chapters,gastrointestinal,Gastrointestinal System,Nutritional Disorders,,
BNF,BNF Chapters,gastrointestinal,Gastrointestinal System,Gastrointestinal Bleeding,,
BNF,BNF Chapters,genitourinary,Genitourinary System,Urinary Tract Infections (UTIs),,
BNF,BNF Chapters,genitourinary,Genitourinary System,Benign Prostatic Hyperplasia (BPH),,
BNF,BNF Chapters,genitourinary,Genitourinary System,Male Erectile Dysfunction,,
BNF,BNF Chapters,genitourinary,Genitourinary System,Female Sexual Dysfunction,,
BNF,BNF Chapters,genitourinary,Genitourinary System,Kidney Disorders,,
BNF,BNF Chapters,genitourinary,Genitourinary System,Renal Replacement Therapy,,
BNF,BNF Chapters,genitourinary,Genitourinary System,Urolithiasis,,
BNF,BNF Chapters,genitourinary,Genitourinary System,Prostate Cancer,,
BNF,BNF Chapters,haematological,Haematological System,Anemias,,
BNF,BNF Chapters,haematological,Haematological System,Leukemias and Lymphomas,,
BNF,BNF Chapters,haematological,Haematological System,Coagulation Disorders,,
BNF,BNF Chapters,haematological,Haematological System,Bleeding Disorders,,
BNF,BNF Chapters,haematological,Haematological System,Thrombocytopenia,,
BNF,BNF Chapters,haematological,Haematological System,Hemoglobinopathies,,
BNF,BNF Chapters,haematological,Haematological System,Bone Marrow Transplantation,,
BNF,BNF Chapters,infectious,Infectious Diseases,HIV/AIDS,,
BNF,BNF Chapters,infectious,Infectious Diseases,Tuberculosis,,
BNF,BNF Chapters,infectious,Infectious Diseases,Sexually Transmitted Infections (STIs),,
BNF,BNF Chapters,infectious,Infectious Diseases,Meningitis and Encephalitis,,
BNF,BNF Chapters,infectious,Infectious Diseases,Sepsis,,
BNF,BNF Chapters,infectious,Infectious Diseases,Vector-Borne Diseases,,
BNF,BNF Chapters,musculoskeletal,Musculoskeletal System,Arthritis,,
BNF,BNF Chapters,musculoskeletal,Musculoskeletal System,Osteoporosis,,
BNF,BNF Chapters,musculoskeletal,Musculoskeletal System,Muscle Disorders,,
BNF,BNF Chapters,musculoskeletal,Musculoskeletal System,Bone Pain and Metastases,,
BNF,BNF Chapters,musculoskeletal,Musculoskeletal System,Gout,,
BNF,BNF Chapters,musculoskeletal,Musculoskeletal System,Back Pain,,
BNF,BNF Chapters,musculoskeletal,Musculoskeletal System,Fracture Management,,
BNF,BNF Chapters,oncology,Oncology,Chemotherapy Agents,,
BNF,BNF Chapters,oncology,Oncology,Targeted Therapies,,
BNF,BNF Chapters,oncology,Oncology,Hormonal Therapies,,
BNF,BNF Chapters,oncology,Oncology,Immunotherapies,,
BNF,BNF Chapters,oncology,Oncology,Supportive Care in Cancer,,
BNF,BNF Chapters,oncology,Oncology,Palliative Care,,
BNF,BNF Chapters,ophthalmology,Ophthalmology,Glaucoma,,
BNF,BNF Chapters,ophthalmology,Ophthalmology,Conjunctivitis and Allergies,,
BNF,BNF Chapters,ophthalmology,Ophthalmology,Dry Eye Syndrome,,
BNF,BNF Chapters,ophthalmology,Ophthalmology,Ocular Infections,,
BNF,BNF Chapters,ophthalmology,Ophthalmology,Age-Related Macular Degeneration (AMD),,
BNF,BNF Chapters,ophthalmology,Ophthalmology,Cataract Management,,
BNF,BNF Chapters,ophthalmology,Ophthalmology,Uveitis,,
BNF,BNF Chapters,pain,Pain Management,Acute Pain,,
BNF,BNF Chapters,pain,Pain Management,Chronic Pain,,
BNF,BNF Chapters,pain,Pain Management,Neuropathic Pain,,
BNF,BNF Chapters,pain,Pain Management,Cancer Pain,,
BNF,BNF Chapters,pain,Pain Management,Non-Pharmacological Therapies,,
BNF,BNF Chapters,pain,Pain Management,Pain Management Protocols,,
BNF,BNF Chapters,respiratory,Respiratory System,Asthma,,
BNF,BNF Chapters,respiratory,Respiratory System,Chronic Obstructive Pulmonary Disease (COPD),,
BNF,BNF Chapters,respiratory,Respiratory System,Pneumonia,,
BNF,BNF Chapters,respiratory,Respiratory System,Tuberculosis,,
BNF,BNF Chapters,respiratory,Respiratory System,Interstitial Lung Disease,,
BNF,BNF Chapters,respiratory,Respiratory System,Sleep Apnea,,
BNF,BNF Chapters,respiratory,Respiratory System,Respiratory Infections,,
BNF,BNF Chapters,rheumatology,Rheumatology,Rheumatoid Arthritis,,
BNF,BNF Chapters,rheumatology,Rheumatology,Systemic Lupus Erythematosus (SLE),,
BNF,BNF Chapters,rheumatology,Rheumatology,Gout and Pseudogout,,
BNF,BNF Chapters,rheumatology,Rheumatology,Vasculitis,,
BNF,BNF Chapters,rheumatology,Rheumatology,Sjögren’s Syndrome,,
BNF,BNF Chapters,rheumatology,Rheumatology,Fibromyalgia,,
BNF,BNF Chapters,sex,Sexual Health,Contraception,,
BNF,BNF Chapters,sex,Sexual Health,Sexually Transmitted Infections (STIs),,
BNF,BNF Chapters,sex,Sexual Health,Fertility Treatments,,
BNF,BNF Chapters,sex,Sexual Health,Erectile Dysfunction,,
BNF,BNF Chapters,sex,Sexual Health,Hormone Replacement Therapy,,
BNF,BNF Chapters,sex,Sexual Health,Sexual Dysfunction in Chronic Illness,,
BNF,BNF Chapters,skin,Skin Conditions,Eczema and Dermatitis,,
BNF,BNF Chapters,skin,Skin Conditions,Psoriasis,,
BNF,BNF Chapters,skin,Skin Conditions,Acne,,
BNF,BNF Chapters,skin,Skin Conditions,Infections,,
BNF,BNF Chapters,skin,Skin Conditions,Skin Cancers,,
BNF,BNF Chapters,skin,Skin Conditions,Wound Care,,
BNF,BNF Chapters,skin,Skin Conditions,Hyperpigmentation and Vitiligo,,
BNF,BNF Chapters,special,Special Populations,Pediatrics,,
BNF,BNF Chapters,special,Special Populations,Geriatrics,,
BNF,BNF Chapters,special,Special Populations,Pregnancy and Breastfeeding,,
BNF,BNF Chapters,special,Special Populations,Patients with Renal Impairment,,
BNF,BNF Chapters,special,Special Populations,Patients with Hepatic Impairment,,
BNF,BNF Chapters,special,Special Populations,Patients with Comorbidities,,
BNF,BNF Chapters,toxicology,Toxicology,Poisoning Management,,
BNF,BNF Chapters,toxicology,Toxicology,Overdose Treatments,,
BNF,BNF Chapters,toxicology,Toxicology,Environmental and Occupational Exposures,,
BNF,BNF Chapters,toxicology,Toxicology,Substance Abuse,,
BNF,BNF Chapters,toxicology,Toxicology,Pesticides and Household Chemicals,,
BNF,BNF Chapters,vitamin,Vitamins and Minerals,Vitamin Deficiencies,,
BNF,BNF Chapters,vitamin,Vitamins and Minerals,Mineral Deficiencies,,
BNF,BNF Chapters,vitamin,Vitamins and Minerals,Toxicity and Overdose,,
BNF,BNF Chapters,vitamin,Vitamins and Minerals,Dietary Supplements,,
BNF,BNF Chapters,vitamin,Vitamins and Minerals,Special Considerations,,
CAL,Calculation Topics for the GPhC Pre-Reg Exam,unit,Unit Conversions,Metric and Imperial Units,,
CAL,Calculation Topics for the GPhC Pre-Reg Exam,unit,Unit Conversions,Weight,Volume,and Surface Area Conversions
CAL,Calculation Topics for the GPhC Pre-Reg Exam,dosage,Dosage Calculations,Calculating Adult and Pediatric Doses,,
CAL,Calculation Topics for the GPhC Pre-Reg Exam,dosage,Dosage Calculations,Weight-Based Dosage Calculations,,
CAL,Calculation Topics for the GPhC Pre-Reg Exam,dosage,Dosage Calculations,Body Surface Area (BSA) Calculations,,
CAL,Calculation Topics for the GPhC Pre-Reg Exam,dilution,Concentration and Dilution,Preparing Solutions of Specific Concentrations,,
CAL,Calculation Topics for the GPhC Pre-Reg Exam,dilution,Concentration and Dilution,Serial Dilutions,,
CAL,Calculation Topics for the GPhC Pre-Reg Exam,dilution,Concentration and Dilution,Calculating Final Concentrations,,
CAL,Calculation Topics for the GPhC Pre-Reg Exam,iv,Intravenous (IV) Calculations,Flow Rates (mL/hour),,
CAL,Calculation Topics for the GPhC Pre-Reg Exam,iv,Intravenous (IV) Calculations,Drip Rates (gtts/min),,
CAL,Calculation Topics for the GPhC Pre-Reg Exam,iv,Intravenous (IV) Calculations,Total Volume Infusion,,
CAL,Calculation Topics for the GPhC Pre-Reg Exam,compounding,Compounding Calculations,Preparing Oral Liquids,,
CAL,Calculation Topics for the GPhC Pre-Reg Exam,compounding,Compounding Calculations,Topical Preparations (Creams,Ointments,Gels)
CAL,Calculation Topics for the GPhC Pre-Reg Exam,compounding,Compounding Calculations,Sterile and Non-Sterile Compounding,,
CAL,Calculation Topics for the GPhC Pre-Reg Exam,pharmacokinetic,Pharmacokinetic Calculations,Half-Life Determination,,
CAL,Calculation Topics for the GPhC Pre-Reg Exam,pharmacokinetic,Pharmacokinetic Calculations,Clearance Rates,,
CAL,Calculation Topics for the GPhC Pre-Reg Exam,pharmacokinetic,Pharmacokinetic Calculations,Volume of Distribution,,
CAL,Calculation Topics for the GPhC Pre-Reg Exam,paediatric,Paediatric and Geriatric Dosing,Adjusting Doses for Age and Weight,,
CAL,Calculation Topics for the GPhC Pre-Reg Exam,paediatric,Paediatric and Geriatric Dosing,Special Considerations for Vulnerable Populations,,
CAL,Calculation Topics for the GPhC Pre-Reg Exam,formulation,Pharmaceutical Strength and Formulation Calculations,Calculating Strengths in Solid and Liquid Forms,,
CAL,Calculation Topics for the GPhC Pre-Reg Exam,formulation,Pharmaceutical Strength and Formulation Calculations,Determining Ingredient Proportions,,
CAL,Calculation Topics for the GPhC Pre-Reg Exam,rate,Rate of Infusion Calculations,Maintenance and Supplementary IV Infusions,,
CAL,Calculation Topics for the GPhC Pre-Reg Exam,rate,Rate of Infusion Calculations,Continuous vs. Intermittent Infusions,,
CAL,Calculation Topics for the GPhC Pre-Reg Exam,interpretation,Prescription Interpretation and Calculations,Deciphering Prescription Instructions,,
CAL,Calculation Topics for the GPhC Pre-Reg Exam,interpretation,Prescription Interpretation and Calculations,Calculating Total Quantity Dispensed,,
CAL,Calculation Topics for the GPhC Pre-Reg Exam,liquid,Liquid Formulation Calculations,Preparing Suspensions and Syrups,,
CAL,Calculation Topics for the GPhC Pre-Reg Exam,liquid,Liquid Formulation Calculations,Adjusting Volumes and Concentrations,,
CAL,Calculation Topics for the GPhC Pre-Reg Exam,stability,Stability and Expiry Date Calculations,Determining Shelf Life,,
CAL,Calculation Topics for the GPhC Pre-Reg Exam,stability,Stability and Expiry Date Calculations,Calculating Expiry Dates Based on Manufacturing Dates,,
CAL,Calculation Topics for the GPhC Pre-Reg Exam,dosage,Dosage Adjustments Based on Renal or Hepatic Function,Modifying Doses for Impaired Organ Function,,
CAL,Calculation Topics for the GPhC Pre-Reg Exam,dosage,Dosage Adjustments Based on Renal or Hepatic Function,Understanding Pharmacokinetic Changes,,
CAL,Calculation Topics for the GPhC Pre-Reg Exam,iv,Calculating Maintenance and Supplementary IV Infusions,Combining Different IV Fluids,,
CAL,Calculation Topics for the GPhC Pre-Reg Exam,iv,Calculating Maintenance and Supplementary IV Infusions,Adjusting for Patient Needs,,
COM,Common OTC Medications Covered,analgesics_2,Analgesics (Pain Relievers),Paracetamol (Acetaminophen),,
COM,Common OTC Medications Covered,analgesics_2,Analgesics (Pain Relievers),Ibuprofen,,
COM,Common OTC Medications Covered,analgesics_2,Analgesics (Pain Relievers),Aspirin,,
COM,Common OTC Medications Covered,analgesics_2,Analgesics (Pain Relievers),Naproxen,,
COM,Common OTC Medications Covered,analgesics_2,Analgesics (Pain Relievers),Diclofenac,,
COM,Common OTC Medications Covered,analgesics_2,Analgesics (Pain Relievers),Celecoxib,,
COM,Common OTC Medications Covered,analgesics_2,Analgesics (Pain Relievers),Mefenamic Acid,,
COM,Common OTC Medications Covered,analgesics_2,Analgesics (Pain Relievers),Codeine,,
COM,Common OTC Medications Covered,analgesics_2,Analgesics (Pain Relievers),Tramadol,,
COM,Common OTC Medications Covered,analgesics_2,Analgesics (Pain Relievers),Morphine,,
COM,Common OTC Medications Covered,inflammatory,Anti-Inflammatories,Ibuprofen,,
COM,Common OTC Medications Covered,inflammatory,Anti-Inflammatories,Diclofenac Gel,,
COM,Common OTC Medications Covered,decongestants,Decongestants,Pseudoephedrine,,
COM,Common OTC Medications Covered,decongestants,Decongestants,Phenylephrine,,
COM,Common OTC Medications Covered,histamine,Antihistamines,Loratadine,,
COM,Common OTC Medications Covered,histamine,Antihistamines,Cetirizine,,
COM,Common OTC Medications Covered,histamine,Antihistamines,Chlorphenamine,,
COM,Common OTC Medications Covered,cough,Cough Suppressants and Expectorants,Dextromethorphan,,
COM,Common OTC Medications Covered,cough,Cough Suppressants and Expectorants,Guaifenesin,,
COM,Common OTC Medications Covered,antacids,Antacids and Acid Reducers,Omeprazole,,
COM,Common OTC Medications Covered,antacids,Antacids and Acid Reducers,Ranitidine,,
COM,Common OTC Medications Covered,antacids,Antacids and Acid Reducers,Magnesium Hydroxide,,
COM,Common OTC Medications Covered,antacids,Antacids and Acid Reducers,Calcium Carbonate,,
COM,Common OTC Medications Covered,laxatives,Laxatives,Bisacodyl,,
COM,Common OTC Medications Covered,laxatives,Laxatives,Senna,,
COM,Common OTC Medications Covered,laxatives,Laxatives,Polyethylene Glycol (PEG),,
COM,Common OTC Medications Covered,laxatives,Laxatives,Lactulose,,
COM,Common OTC Medications Covered,diarrhoea,Anti-Diarrheal Agents,Loperamide,,
COM,Common OTC Medications Covered,topical,Topical Treatments,Hydrocortisone Cream (1%),,
COM,Common OTC Medications Covered,topical,Topical Treatments,Benzoyl Peroxide,,
COM,Common OTC Medications Covered,topical,Topical Treatments,Clotrimazole,,
COM,Common OTC Medications Covered,eye,Eye Drops,Artificial Tears,,
COM,Common OTC Medications Covered,eye,Eye Drops,Ketotifen,,
COM,Common OTC Medications Covered,ear,Ear Drops,Cerumenolytics (e.g.,Carbamide Peroxide),
COM,Common OTC Medications Covered,supplements,Vitamins and Supplements,Vitamin D,,
COM,Common OTC Medications Covered,supplements,Vitamins and Supplements,Iron Supplements,,
COM,Common OTC Medications Covered,supplements,Vitamins and Supplements,Calcium Supplements,,
COM,Common OTC Medications Covered,supplements,Vitamins and Supplements,Vitamin C,,
COM,Common OTC Medications Covered,contraception,Emergency Contraception,Levonorgestrel Tablets,,
COM,Common OTC Medications Covered,contraception,Emergency Contraception,Ulipristal Acetate,,
COM,Common OTC Medications Covered,smoking,Smoking Cessation Products,Nicotine Patches,,
COM,Common OTC Medications Covered,smoking,Smoking Cessation Products,Nicotine Gum,,
COM,Common OTC Medications Covered,smoking,Smoking Cessation Products,Nicotine Lozenges,,
COM,Common OTC Medications Covered,sleep_aids,Sleep Aids,Diphenhydramine (e.g.,Nytol),
COM,Common OTC Medications Covered,sleep_aids,Sleep Aids,Melatonin Supplements,,
COM,Common OTC Medications Covered,weight_2,Appetite Suppressants and Weight Management,Orlistat (OTC Dosage),,
COM,Common OTC Medications Covered,weight_2,Appetite Suppressants and Weight Management,Appetite Suppressant Supplements,,
COM,Common OTC Medications Covered,uti,Urinary Tract Health,Cranberry Extract Supplements,,
COM,Common OTC Medications Covered,uti,Urinary Tract Health,Methenamine Hippurate,,
COM,Common OTC Medications Covered,haemorrhoid,Haemorrhoid Treatment,Witch Hazel Pads,,
COM,Common OTC Medications Covered,haemorrhoid,Haemorrhoid Treatment,Topical Hydrocortisone,,
HRM,High-Risk Medication Categories and Main Drugs,anticoagulants,Anticoagulants,Vitamin K Antagonists,,
HRM,High-Risk Medication Categories and Main Drugs,anticoagulants,Anticoagulants,Heparins,,
HRM,High-Risk Medication Categories and Main Drugs,anticoagulants,Anticoagulants,Direct Oral Anticoagulants (DOACs),,
HRM,High-Risk Medication Categories and Main Drugs,anticoagulants,Anticoagulants,Direct Thrombin Inhibitors,,
HRM,High-Risk Medication Categories and Main Drugs,hypoglycaemics,Insulins and Oral Hypoglycaemics,Insulins,,
HRM,High-Risk Medication Categories and Main Drugs,hypoglycaemics,Insulins and Oral Hypoglycaemics,Sulfonylureas,,
HRM,High-Risk Medication Categories and Main Drugs,hypoglycaemics,Insulins and Oral Hypoglycaemics,Meglitinides,,
HRM,High-Risk Medication Categories and Main Drugs,hypoglycaemics,Insulins and Oral Hypoglycaemics,SGLT2 Inhibitors,,
HRM,High-Risk Medication Categories and Main Drugs,hypoglycaemics,Insulins and Oral Hypoglycaemics,DPP-4 Inhibitors,,
HRM,High-Risk Medication Categories and Main Drugs,opioids,Opioids and Strong Analgesics,Natural and Semi-Synthetic Opioids,,
HRM,High-Risk Medication Categories and Main Drugs,opioids,Opioids and Strong Analgesics,Synthetic Opioids,,
HRM,High-Risk Medication Categories and Main Drugs,opioids,Opioids and Strong Analgesics,Extended-Release/Long-Acting Opioids,,
HRM,High-Risk Medication Categories and Main Drugs,chemotherapy,Chemotherapy Agents,Alkylating Agents,,
HRM,High-Risk Medication Categories and Main Drugs,chemotherapy,Chemotherapy Agents,Antimetabolites,,
HRM,High-Risk Medication Categories and Main Drugs,chemotherapy,Chemotherapy Agents,Plant Alkaloids,,
HRM,High-Risk Medication Categories and Main Drugs,chemotherapy,Chemotherapy Agents,Topoisomerase Inhibitors,,
HRM,High-Risk Medication Categories and Main Drugs,potassium,Potassium Supplements and Potassium-Sparing Diuretics,Potassium Supplements,,
HRM,High-Risk Medication Categories and Main Drugs,potassium,Potassium Supplements and Potassium-Sparing Diuretics,Potassium-Sparing Diuretics,,
HRM,High-Risk Medication Categories and Main Drugs,diuretics,Diuretics,Loop Diuretics,,
HRM,High-Risk Medication Categories and Main Drugs,diuretics,Diuretics,Thiazide Diuretics,,
HRM,High-Risk Medication Categories and Main Drugs,diuretics,Diuretics,Thiazide-Like Diuretics,,
HRM,High-Risk Medication Categories and Main Drugs,diuretics,Diuretics,Carbonic Anhydrase Inhibitors,,
HRM,High-Risk Medication Categories and Main Drugs,lithium,Lithium,Lithium Carbonate,,
HRM,High-Risk Medication Categories and Main Drugs,immunosuppressants,Biological Therapies and Immunosuppressants,TNF Inhibitors,,
HRM,High-Risk Medication Categories and Main Drugs,immunosuppressants,Biological Therapies and Immunosuppressants,Interleukin Inhibitors,,
HRM,High-Risk Medication Categories and Main Drugs,immunosuppressants,Biological Therapies and Immunosuppressants,Calcineurin Inhibitors,,
HRM,High-Risk Medication Categories and Main Drugs,immunosuppressants,Biological Therapies and Immunosuppressants,mTOR Inhibitors,,
HRM,High-Risk Medication Categories and Main Drugs,cytotoxic,Cytotoxic and Targeted Therapies,Trastuzumab,,
HRM,High-Risk Medication Categories and Main Drugs,cytotoxic,Cytotoxic and Targeted Therapies,Imatinib,,
HRM,High-Risk Medication Categories and Main Drugs,cytotoxic,Cytotoxic and Targeted Therapies,Bevacizumab,,
HRM,High-Risk Medication Categories and Main Drugs,cytotoxic,Cytotoxic and Targeted Therapies,Erlotinib,,
HRM,High-Risk Medication Categories and Main Drugs,cytotoxic,Cytotoxic and Targeted Therapies,Gefitinib,,
HRM,High-Risk Medication Categories and Main Drugs,inhaled,Inhaled Medications,Beta-2 Agonists,,
HRM,High-Risk Medication Categories and Main Drugs,inhaled,Inhaled Medications,Corticosteroids,,
HRM,High-Risk Medication Categories and Main Drugs,inhaled,Inhaled Medications,Combination Inhalers,,
HRM,High-Risk Medication Categories and Main Drugs,antiepileptics,Antiepileptics,Phenytoin,,
HRM,High-Risk Medication Categories and Main Drugs,antiepileptics,Antiepileptics,Valproate (Valproic Acid),,
HRM,High-Risk Medication Categories and Main Drugs,antiepileptics,Antiepileptics,Carbamazepine,,
HRM,High-Risk Medication Categories and Main Drugs,antiepileptics,Antiepileptics,Lamotrigine,,
HRM,High-Risk Medication Categories and Main Drugs,antiepileptics,Antiepileptics,Levetiracetam,,
HRM,High-Risk Medication Categories and Main Drugs,antiepileptics,Antiepileptics,Topiramate,,
HRM,High-Risk Medication Categories and Main Drugs,theophylline,Theophylline,Theophylline Tablets,,
HRM,High-Risk Medication Categories and Main Drugs,theophylline,Theophylline,Theophylline Extended-Release,,
HRM,High-Risk Medication Categories and Main Drugs,antipsychotics,Antipsychotics,Typical Antipsychotics,,
HRM,High-Risk Medication Categories and Main Drugs,antipsychotics,Antipsychotics,Atypical Antipsychotics,,
HRM,High-Risk Medication Categories and Main Drugs,cd,Opioid Substitution Therapies,Methadone,,
HRM,High-Risk Medication Categories and Main Drugs,cd,Opioid Substitution Therapies,Buprenorphine/Naloxone (Suboxone),,
HRM,High-Risk Medication Categories and Main Drugs,cd,Opioid Substitution Therapies,Buprenorphine Alone (Subutex),,
HRM,High-Risk Medication Categories and Main Drugs,digoxin,Cardiac Glycosides,Digoxin,,
HRM,High-Risk Medication Categories and Main Drugs,levothyroxine,Thyroid Hormones,Levothyroxine,,
HRM,High-Risk Medication Categories and Main Drugs,vancomycin,Vancomycin,Vancomycin Hydrochloride,,
HRM,High-Risk Medication Categories and Main Drugs,antiarrhythmics,Antiarrhythmics,Amiodarone,,
HRM,High-Risk Medication Categories and Main Drugs,antiarrhythmics,Antiarrhythmics,Lidocaine,,
HRM,High-Risk Medication Categories and Main Drugs,antiarrhythmics,Antiarrhythmics,Procainamide,,
HRM,High-Risk Medication Categories and Main Drugs,antidepressants,Antidepressants (High-Risk),Monoamine Oxidase Inhibitors (MAOIs),,
HRM,High-Risk Medication Categories and Main Drugs,antidepressants,Antidepressants (High-Risk),Tricyclic Antidepressants (TCAs),,
HRM,High-Risk Medication Categories and Main Drugs,nsaids,Non-Steroidal Anti-Inflammatory Drugs (NSAIDs) (High-Risk Contexts),Indomethacin,,
HRM,High-Risk Medication Categories and Main Drugs,nsaids,Non-Steroidal Anti-Inflammatory Drugs (NSAIDs) (High-Risk Contexts),Celecoxib,,
HRM,High-Risk Medication Categories and Main Drugs,nsaids,Non-Steroidal Anti-Inflammatory Drugs (NSAIDs) (High-Risk Contexts),Naproxen,,
MRT,Medicines-Related Topics for the GPhC Pre-Reg Exam,classification,Classification of Medicines,By Therapeutic Use: e.g. analgesics,,
MRT,Medicines-Related Topics for the GPhC Pre-Reg Exam,classification,Classification of Medicines,By Chemical Structure: e.g. beta-lactams,,
MRT,Medicines-Related Topics for the GPhC Pre-Reg Exam,classification,Classification of Medicines,By Legal Category: e.g. Prescription Only Medicines (POM),,
MRT,Medicines-Related Topics for the GPhC Pre-Reg Exam,pharmacology,Pharmacology and Therapeutics,Mechanisms of Action,,
MRT,Medicines-Related Topics for the GPhC Pre-Reg Exam,pharmacology,Pharmacology and Therapeutics,Pharmacokinetics: Absorption distribution metabolism excretion,,
MRT,Medicines-Related Topics for the GPhC Pre-Reg Exam,pharmacology,Pharmacology and Therapeutics,Pharmacodynamics,,
MRT,Medicines-Related Topics for the GPhC Pre-Reg Exam,pharmacology,Pharmacology and Therapeutics,Dose-Response Relationships,,
MRT,Medicines-Related Topics for the GPhC Pre-Reg Exam,dispensing,Prescribing and Dispensing Medicines,Prescription Writing and Interpretation,,
MRT,Medicines-Related Topics for the GPhC Pre-Reg Exam,dispensing,Prescribing and Dispensing Medicines,Dispensing Procedures,,
MRT,Medicines-Related Topics for the GPhC Pre-Reg Exam,dispensing,Prescribing and Dispensing Medicines,Record-Keeping and Documentation,,
MRT,Medicines-Related Topics for the GPhC Pre-Reg Exam,dispensing,Prescribing and Dispensing Medicines,Supply of Prescription-Only Medicines (POMs),,
MRT,Medicines-Related Topics for the GPhC Pre-Reg Exam,managing,Medicines Management Systems,Stock Control and Inventory Management,,
MRT,Medicines-Related Topics for the GPhC Pre-Reg Exam,managing,Medicines Management Systems,Ordering and Storage Requirements,,
MRT,Medicines-Related Topics for the GPhC Pre-Reg Exam,managing,Medicines Management Systems,Expiry Date Management,,
MRT,Medicines-Related Topics for the GPhC Pre-Reg Exam,managing,Medicines Management Systems,Pharmaceutical Waste Disposal,,
MRT,Medicines-Related Topics for the GPhC Pre-Reg Exam,patient,Patient Counselling and Education,Effective Communication Techniques,,
MRT,Medicines-Related Topics for the GPhC Pre-Reg Exam,patient,Patient Counselling and Education,Providing Medication Instructions,,
MRT,Medicines-Related Topics for the GPhC Pre-Reg Exam,patient,Patient Counselling and Education,Managing Patient Queries and Concerns,,
MRT,Medicines-Related Topics for the GPhC Pre-Reg Exam,patient,Patient Counselling and Education,Ensuring Adherence to Therapy,,
MRT,Medicines-Related Topics for the GPhC Pre-Reg Exam,adverse,Adverse Drug Reactions (ADRs) and Interactions,Identifying and Managing ADRs,,
MRT,Medicines-Related Topics for the GPhC Pre-Reg Exam,adverse,Adverse Drug Reactions (ADRs) and Interactions,Drug-Drug Interactions,,
MRT,Medicines-Related Topics for the GPhC Pre-Reg Exam,adverse,Adverse Drug Reactions (ADRs) and Interactions,Drug-Food Interactions,,
MRT,Medicines-Related Topics for the GPhC Pre-Reg Exam,adverse,Adverse Drug Reactions (ADRs) and Interactions,Reporting ADRs,,
MRT,Medicines-Related Topics for the GPhC Pre-Reg Exam,legal,Legal and Ethical Considerations,Medicines Act and Related Legislation,,
MRT,Medicines-Related Topics for the GPhC Pre-Reg Exam,legal,Legal and Ethical Considerations,Confidentiality and Data Protection,,
MRT,Medicines-Related Topics for the GPhC Pre-Reg Exam,legal,Legal and Ethical Considerations,Ethical Principles in Pharmacy Practice,,
MRT,Medicines-Related Topics for the GPhC Pre-Reg Exam,legal,Legal and Ethical Considerations,Patient Consent and Autonomy,,
MRT,Medicines-Related Topics for the GPhC Pre-Reg Exam,otc,Over-the-Counter (OTC) Medicines,Classification and Regulation,,
MRT,Medicines-Related Topics for the GPhC Pre-Reg Exam,otc,Over-the-Counter (OTC) Medicines,Common OTC Medications and Uses,,
MRT,Medicines-Related Topics for the GPhC Pre-Reg Exam,otc,Over-the-Counter (OTC) Medicines,Safety and Appropriate Use,,
MRT,Medicines-Related Topics for the GPhC Pre-Reg Exam,otc,Over-the-Counter (OTC) Medicines,When to Refer to a Healthcare Professional,,
MRT,Medicines-Related Topics for the GPhC Pre-Reg Exam,controlled,Controlled Drugs Management,Scheduling and Classification,,
MRT,Medicines-Related Topics for the GPhC Pre-Reg Exam,controlled,Controlled Drugs Management,Storage and Security Requirements,,
MRT,Medicines-Related Topics for the GPhC Pre-Reg Exam,controlled,Controlled Drugs Management,Record-Keeping and Compliance,,
MRT,Medicines-Related Topics for the GPhC Pre-Reg Exam,controlled,Controlled Drugs Management,Dispensing Protocols,,
MRT,Medicines-Related Topics for the GPhC Pre-Reg Exam,vaccine,Vaccines and Immunizations,Types of Vaccines,,
MRT,Medicines-Related Topics for the GPhC Pre-Reg Exam,vaccine,Vaccines and Immunizations,Administration Techniques,,
MRT,Medicines-Related Topics for the GPhC Pre-Reg Exam,vaccine,Vaccines and Immunizations,Storage and Handling,,
MRT,Medicines-Related Topics for the GPhC Pre-Reg Exam,vaccine,Vaccines and Immunizations,Patient Education and Consent,,
MRT,Medicines-Related Topics for the GPhC Pre-Reg Exam,biology,Biologics and Biotechnology Medicines,Types and Uses,,
MRT,Medicines-Related Topics for the GPhC Pre-Reg Exam,biology,Biologics and Biotechnology Medicines,Storage Requirements,,
MRT,Medicines-Related Topics for the GPhC Pre-Reg Exam,biology,Biologics and Biotechnology Medicines,Administration Guidelines,,
MRT,Medicines-Related Topics for the GPhC Pre-Reg Exam,biology,Biologics and Biotechnology Medicines,Patient Counseling Points,,
MRT,Medicines-Related Topics for the GPhC Pre-Reg Exam,population,Medicines for Special Populations,Pediatrics,,
MRT,Medicines-Related Topics for the GPhC Pre-Reg Exam,population,Medicines for Special Populations,Geriatrics,,
MRT,Medicines-Related Topics for the GPhC Pre-Reg Exam,population,Medicines for Special Populations,Pregnancy and Breastfeeding,,
MRT,Medicines-Related Topics for the GPhC Pre-Reg Exam,population,Medicines for Special Populations,Patients with Renal or Hepatic Impairment,,
MRT,Medicines-Related Topics for the GPhC Pre-Reg Exam,rx,Self-Medication and Non-Prescription Use,Assessing Suitability for Self-Care,,
MRT,Medicines-Related Topics for the GPhC Pre-Reg Exam,rx,Self-Medication and Non-Prescription Use,Guiding Safe Self-Medication Practices,,
MRT,Medicines-Related Topics for the GPhC Pre-Reg Exam,rx,Self-Medication and Non-Prescription Use,Recognizing When to Refer,,
MRT,Medicines-Related Topics for the GPhC Pre-Reg Exam,calculation,Pharmaceutical Calculations,Dosage Calculations,,
MRT,Medicines-Related Topics for the GPhC Pre-Reg Exam,calculation,Pharmaceutical Calculations,Concentration and Dilution,,
MRT,Medicines-Related Topics for the GPhC Pre-Reg Exam,calculation,Pharmaceutical Calculations,Volume and Flow Rate Calculations,,
MRT,Medicines-Related Topics for the GPhC Pre-Reg Exam,innovation,Emerging Medicines and Innovations,New Drug Therapies,,
MRT,Medicines-Related Topics for the GPhC Pre-Reg Exam,innovation,Emerging Medicines and Innovations,Personalized Medicine,,
MRT,Medicines-Related Topics for the GPhC Pre-Reg Exam,innovation,Emerging Medicines and Innovations,Pharmacogenomics,,
MRT,Medicines-Related Topics for the GPhC Pre-Reg Exam,innovation,Emerging Medicines and Innovations,Digital Health and E-Pharmacy,,
MRT,Medicines-Related Topics for the GPhC Pre-Reg Exam,public,Public Health and Medicines,Antimicrobial Stewardship,,
MRT,Medicines-Related Topics for the GPhC Pre-Reg Exam,public,Public Health and Medicines,Vaccination Programs,,
MRT,Medicines-Related Topics for the GPhC Pre-Reg Exam,public,Public Health and Medicines,Health Promotion and Disease Prevention,,
MRT,Medicines-Related Topics for the GPhC Pre-Reg Exam,information,Medicines Information Resources,British National Formulary (BNF),,
MRT,Medicines-Related Topics for the GPhC Pre-Reg Exam,information,Medicines Information Resources,Electronic Medicines Compendium (eMC),,
MRT,Medicines-Related Topics for the GPhC Pre-Reg Exam,information,Medicines Information Resources,Other Reputable Databases and Guidelines,,
MRT,Medicines-Related Topics for the GPhC Pre-Reg Exam,ethics,Ethics in Medicines Use,Balancing Benefits and Risks,,
MRT,Medicines-Related Topics for the GPhC Pre-Reg Exam,ethics,Ethics in Medicines Use,Equitable Access to Medicines,,
MRT,Medicines-Related Topics for the GPhC Pre-Reg Exam,ethics,Ethics in Medicines Use,Addressing Inequities in Healthcare,,
MRT,Medicines-Related Topics for the GPhC Pre-Reg Exam,risk,Patient Safety and Risk Management,Error Prevention Strategies,,
MRT,Medicines-Related Topics for the GPhC Pre-Reg Exam,risk,Patient Safety and Risk Management,Incident Reporting Systems,,
MRT,Medicines-Related Topics for the GPhC Pre-Reg Exam,risk,Patient Safety and Risk Management,Continuous Quality Improvement,,
MRT,Medicines-Related Topics for the GPhC Pre-Reg Exam,quality,Pharmaceutical Quality and Standards,Good Manufacturing Practices (GMP),,
MRT,Medicines-Related Topics for the GPhC Pre-Reg Exam,quality,Pharmaceutical Quality and Standards,Quality Assurance in Dispensing,,
MRT,Medicines-Related Topics for the GPhC Pre-Reg Exam,quality,Pharmaceutical Quality and Standards,Ensuring Medication Integrity,,
OTC,OTC - Common Conditions Covered,pain,Pain and Inflammation,Headaches (Tension,Migraine),
OTC,OTC - Common Conditions Covered,pain,Pain and Inflammation,Musculoskeletal Pain (Back Pain,Joint Pain),
OTC,OTC - Common Conditions Covered,pain,Pain and Inflammation,Menstrual Cramps,,
OTC,OTC - Common Conditions Covered,flu,Cold and Flu,Common Cold,,
OTC,OTC - Common Conditions Covered,flu,Cold and Flu,Influenza,,
OTC,OTC - Common Conditions Covered,gastro,Gastrointestinal Disorders,Indigestion/Heartburn (Dyspepsia),,
OTC,OTC - Common Conditions Covered,gastro,Gastrointestinal Disorders,Constipation,,
OTC,OTC - Common Conditions Covered,gastro,Gastrointestinal Disorders,Diarrhea,,
OTC,OTC - Common Conditions Covered,gastro,Gastrointestinal Disorders,Nausea and Vomiting,,
OTC,OTC - Common Conditions Covered,gastro,Gastrointestinal Disorders,Motion Sickness,,
OTC,OTC - Common Conditions Covered,dermatology,Dermatological Conditions,Acne,,
OTC,OTC - Common Conditions Covered,dermatology,Dermatological Conditions,Eczema and Dermatitis,,
OTC,OTC - Common Conditions Covered,dermatology,Dermatological Conditions,Minor Burns and Wounds,,
OTC,OTC - Common Conditions Covered,dermatology,Dermatological Conditions,Fungal Infections (e.g.,Athlete’s Foot),
OTC,OTC - Common Conditions Covered,allergy,Allergic Conditions,Seasonal Allergies (Hay Fever),,
OTC,OTC - Common Conditions Covered,allergy,Allergic Conditions,Allergic Rhinitis,,
OTC,OTC - Common Conditions Covered,repsire,Respiratory Conditions,Cough (Dry and Productive),,
OTC,OTC - Common Conditions Covered,repsire,Respiratory Conditions,Sore Throat,,
OTC,OTC - Common Conditions Covered,face,Eye and Ear Conditions,Conjunctivitis (Pink Eye),,
OTC,OTC - Common Conditions Covered,face,Eye and Ear Conditions,Dry Eyes,,
OTC,OTC - Common Conditions Covered,face,Eye and Ear Conditions,Earwax Buildup,,
OTC,OTC - Common Conditions Covered,minerals,Vitamins and Minerals,Vitamin D Deficiency,,
OTC,OTC - Common Conditions Covered,minerals,Vitamins and Minerals,Iron Deficiency Anemia,,
OTC,OTC - Common Conditions Covered,minerals,Vitamins and Minerals,Calcium Supplementation,,
OTC,OTC - Common Conditions Covered,sexual,Sexual Health,Emergency Contraception,,
OTC,OTC - Common Conditions Covered,sexual,Sexual Health,Urinary Tract Infections (UTIs),,
OTC,OTC - Common Conditions Covered,sleep,Sleep Disorders,Insomnia,,
OTC,OTC - Common Conditions Covered,smoking,Smoking Cessation,Nicotine Replacement Therapy,,
OTC,OTC - Common Conditions Covered,weight,Weight Management,Appetite Suppressants,,
OTC,OTC - Common Conditions Covered,weight,Weight Management,Fat Absorption Inhibitors,,
OTC,OTC - Common Conditions Covered,urinary,Urinary and Prostate Health,Benign Prostatic Hyperplasia (BPH) Symptoms,,
OTC,OTC - Common Conditions Covered,other,Other Conditions,Hemorrhoids,,
OTC,OTC - Common Conditions Covered,other,Other Conditions,Varicose Veins,,
T100,Top 100 Drugs for the GPhC Pre-Registration Exam,analgesics,Analgesics and Anti-Inflammatories,Paracetamol (Acetaminophen),,
T100,Top 100 Drugs for the GPhC Pre-Registration Exam,analgesics,Analgesics and Anti-Inflammatories,Ibuprofen,,
T100,Top 100 Drugs for the GPhC Pre-Registration Exam,analgesics,Analgesics and Anti-Inflammatories,Aspirin,,
T100,Top 100 Drugs for the GPhC Pre-Registration Exam,analgesics,Analgesics and Anti-Inflammatories,Naproxen,,
T100,Top 100 Drugs for the GPhC Pre-Registration Exam,analgesics,Analgesics and Anti-Inflammatories,Diclofenac,,
T100,Top 100 Drugs for the GPhC Pre-Registration Exam,analgesics,Analgesics and Anti-Inflammatories,Celecoxib,,
T100,Top 100 Drugs for the GPhC Pre-Registration Exam,analgesics,Analgesics and Anti-Inflammatories,Mefenamic Acid,,
T100,Top 100 Drugs for the GPhC Pre-Registration Exam,analgesics,Analgesics and Anti-Inflammatories,Codeine,,
T100,Top 100 Drugs for the GPhC Pre-Registration Exam,analgesics,Analgesics and Anti-Inflammatories,Tramadol,,
T100,Top 100 Drugs for the GPhC Pre-Registration Exam,analgesics,Analgesics and Anti-Inflammatories,Morphine,,
T100,Top 100 Drugs for the GPhC Pre-Registration Exam,antibiotics,Antibiotics,Amoxicillin,,
T100,Top 100 Drugs for the GPhC Pre-Registration Exam,antibiotics,Antibiotics,Cefalexin,,
T100,Top 100 Drugs for the GPhC Pre-Registration Exam,antibiotics,Antibiotics,Clarithromycin,,
T100,Top 100 Drugs for the GPhC Pre-Registration Exam,antibiotics,Antibiotics,Doxycycline,,
T100,Top 100 Drugs for the GPhC Pre-Registration Exam,antibiotics,Antibiotics,Ciprofloxacin,,
T100,Top 100 Drugs for the GPhC Pre-Registration Exam,antibiotics,Antibiotics,Azithromycin,,
T100,Top 100 Drugs for the GPhC Pre-Registration Exam,antibiotics,Antibiotics,Co-amoxiclav (Amoxicillin/Clavulanic Acid),,
T100,Top 100 Drugs for the GPhC Pre-Registration Exam,antibiotics,Antibiotics,Erythromycin,,
T100,Top 100 Drugs for the GPhC Pre-Registration Exam,antibiotics,Antibiotics,Metronidazole,,
T100,Top 100 Drugs for the GPhC Pre-Registration Exam,antibiotics,Antibiotics,Trimethoprim/Sulfamethoxazole,,
T100,Top 100 Drugs for the GPhC Pre-Registration Exam,analgesics,Analgesics and Anti-Inflammatories,Paracetamol (Acetaminophen),,
T100,Top 100 Drugs for the GPhC Pre-Registration Exam,analgesics,Analgesics and Anti-Inflammatories,Ibuprofen,,
T100,Top 100 Drugs for the GPhC Pre-Registration Exam,analgesics,Analgesics and Anti-Inflammatories,Aspirin,,
T100,Top 100 Drugs for the GPhC Pre-Registration Exam,analgesics,Analgesics and Anti-Inflammatories,Naproxen,,
T100,Top 100 Drugs for the GPhC Pre-Registration Exam,analgesics,Analgesics and Anti-Inflammatories,Diclofenac,,
T100,Top 100 Drugs for the GPhC Pre-Registration Exam,analgesics,Analgesics and Anti-Inflammatories,Celecoxib,,
T100,Top 100 Drugs for the GPhC Pre-Registration Exam,analgesics,Analgesics and Anti-Inflammatories,Mefenamic Acid,,
T100,Top 100 Drugs for the GPhC Pre-Registration Exam,analgesics,Analgesics and Anti-Inflammatories,Codeine,,
T100,Top 100 Drugs for the GPhC Pre-Registration Exam,analgesics,Analgesics and Anti-Inflammatories,Tramadol,,
T100,Top 100 Drugs for the GPhC Pre-Registration Exam,analgesics,Analgesics and Anti-Inflammatories,Morphine,,
T100,Top 100 Drugs for the GPhC Pre-Registration Exam,antibiotics,Antibiotics,Amoxicillin,,
T100,Top 100 Drugs for the GPhC Pre-Registration Exam,antibiotics,Antibiotics,Cefalexin,,
T100,Top 100 Drugs for the GPhC Pre-Registration Exam,antibiotics,Antibiotics,Clarithromycin,,
T100,Top 100 Drugs for the GPhC Pre-Registration Exam,antibiotics,Antibiotics,Doxycycline,,
T100,Top 100 Drugs for the GPhC Pre-Registration Exam,antibiotics,Antibiotics,Ciprofloxacin,,
T100,Top 100 Drugs for the GPhC Pre-Registration Exam,antibiotics,Antibiotics,Azithromycin,,
T100,Top 100 Drugs for the GPhC Pre-Registration Exam,antibiotics,Antibiotics,Co-amoxiclav (Amoxicillin/Clavulanic Acid),,
T100,Top 100 Drugs for the GPhC Pre-Registration Exam,antibiotics,Antibiotics,Erythromycin,,
T100,Top 100 Drugs for the GPhC Pre-Registration Exam,antibiotics,Antibiotics,Metronidazole,,
T100,Top 100 Drugs for the GPhC Pre-Registration Exam,antibiotics,Antibiotics,Trimethoprim/Sulfamethoxazole,,
T100,Top 100 Drugs for the GPhC Pre-Registration Exam,cardiovascular_2,Cardiovascular Drugs,Amlodipine,,
T100,Top 100 Drugs for the GPhC Pre-Registration Exam,cardiovascular_2,Cardiovascular Drugs,Lisinopril,,
T100,Top 100 Drugs for the GPhC Pre-Registration Exam,cardiovascular_2,Cardiovascular Drugs,Simvastatin,,
T100,Top 100 Drugs for the GPhC Pre-Registration Exam,cardiovascular_2,Cardiovascular Drugs,Atorvastatin,,
T100,Top 100 Drugs for the GPhC Pre-Registration Exam,cardiovascular_2,Cardiovascular Drugs,Metoprolol,,
T100,Top 100 Drugs for the GPhC Pre-Registration Exam,cardiovascular_2,Cardiovascular Drugs,Ramipril,,
T100,Top 100 Drugs for the GPhC Pre-Registration Exam,cardiovascular_2,Cardiovascular Drugs,Losartan,,
T100,Top 100 Drugs for the GPhC Pre-Registration Exam,cardiovascular_2,Cardiovascular Drugs,Furosemide,,
T100,Top 100 Drugs for the GPhC Pre-Registration Exam,cardiovascular_2,Cardiovascular Drugs,Spironolactone,,
T100,Top 100 Drugs for the GPhC Pre-Registration Exam,cardiovascular_2,Cardiovascular Drugs,Bisoprolol,,
T100,Top 100 Drugs for the GPhC Pre-Registration Exam,diabetes,Diabetes Medications,Metformin,,
T100,Top 100 Drugs for the GPhC Pre-Registration Exam,diabetes,Diabetes Medications,Glipizide,,
T100,Top 100 Drugs for the GPhC Pre-Registration Exam,diabetes,Diabetes Medications,Insulin Glargine,,
T100,Top 100 Drugs for the GPhC Pre-Registration Exam,diabetes,Diabetes Medications,Insulin Lispro,,
T100,Top 100 Drugs for the GPhC Pre-Registration Exam,diabetes,Diabetes Medications,Sitagliptin,,
T100,Top 100 Drugs for the GPhC Pre-Registration Exam,diabetes,Diabetes Medications,Canagliflozin,,
T100,Top 100 Drugs for the GPhC Pre-Registration Exam,diabetes,Diabetes Medications,Pioglitazone,,
T100,Top 100 Drugs for the GPhC Pre-Registration Exam,diabetes,Diabetes Medications,Glimepiride,,
T100,Top 100 Drugs for the GPhC Pre-Registration Exam,diabetes,Diabetes Medications,Dapagliflozin,,
T100,Top 100 Drugs for the GPhC Pre-Registration Exam,diabetes,Diabetes Medications,Empagliflozin,,
T100,Top 100 Drugs for the GPhC Pre-Registration Exam,respiratory_2,Respiratory Drugs,Salbutamol (Albuterol),,
T100,Top 100 Drugs for the GPhC Pre-Registration Exam,respiratory_2,Respiratory Drugs,Fluticasone,,
T100,Top 100 Drugs for the GPhC Pre-Registration Exam,respiratory_2,Respiratory Drugs,Budesonide,,
T100,Top 100 Drugs for the GPhC Pre-Registration Exam,respiratory_2,Respiratory Drugs,Montelukast,,
T100,Top 100 Drugs for the GPhC Pre-Registration Exam,respiratory_2,Respiratory Drugs,Tiotropium,,
T100,Top 100 Drugs for the GPhC Pre-Registration Exam,respiratory_2,Respiratory Drugs,Formoterol,,
T100,Top 100 Drugs for the GPhC Pre-Registration Exam,respiratory_2,Respiratory Drugs,Salmeterol,,
T100,Top 100 Drugs for the GPhC Pre-Registration Exam,respiratory_2,Respiratory Drugs,Ipratropium,,
T100,Top 100 Drugs for the GPhC Pre-Registration Exam,respiratory_2,Respiratory Drugs,Beclometasone,,
T100,Top 100 Drugs for the GPhC Pre-Registration Exam,respiratory_2,Respiratory Drugs,Prednisolone (for asthma),,
T100,Top 100 Drugs for the GPhC Pre-Registration Exam,gastrointestinal_2,Gastrointestinal Drugs,Omeprazole,,
T100,Top 100 Drugs for the GPhC Pre-Registration Exam,gastrointestinal_2,Gastrointestinal Drugs,Ranitidine,,
T100,Top 100 Drugs for the GPhC Pre-Registration Exam,gastrointestinal_2,Gastrointestinal Drugs,Lansoprazole,,
T100,Top 100 Drugs for the GPhC Pre-Registration Exam,gastrointestinal_2,Gastrointestinal Drugs,Metoclopramide,,
T100,Top 100 Drugs for the GPhC Pre-Registration Exam,gastrointestinal_2,Gastrointestinal Drugs,Loperamide,,
T100,Top 100 Drugs for the GPhC Pre-Registration Exam,gastrointestinal_2,Gastrointestinal Drugs,Simethicone,,
T100,Top 100 Drugs for the GPhC Pre-Registration Exam,gastrointestinal_2,Gastrointestinal Drugs,Magaldrate,,
T100,Top 100 Drugs for the GPhC Pre-Registration Exam,gastrointestinal_2,Gastrointestinal Drugs,Bisacodyl,,
T100,Top 100 Drugs for the GPhC Pre-Registration Exam,gastrointestinal_2,Gastrointestinal Drugs,Senna,,
T100,Top 100 Drugs for the GPhC Pre-Registration Exam,gastrointestinal_2,Gastrointestinal Drugs,Polyethylene Glycol (PEG),,
T100,Top 100 Drugs for the GPhC Pre-Registration Exam,nervous_2,Central Nervous System Drugs,Diazepam,,
T100,Top 100 Drugs for the GPhC Pre-Registration Exam,nervous_2,Central Nervous System Drugs,Lorazepam,,
T100,Top 100 Drugs for the GPhC Pre-Registration Exam,nervous_2,Central Nervous System Drugs,Sertraline,,
T100,Top 100 Drugs for the GPhC Pre-Registration Exam,nervous_2,Central Nervous System Drugs,Fluoxetine,,
T100,Top 100 Drugs for the GPhC Pre-Registration Exam,nervous_2,Central Nervous System Drugs,Gabapentin,,
T100,Top 100 Drugs for the GPhC Pre-Registration Exam,nervous_2,Central Nervous System Drugs,Mirtazapine,,
T100,Top 100 Drugs for the GPhC Pre-Registration Exam,nervous_2,Central Nervous System Drugs,Risperidone,,
T100,Top 100 Drugs for the GPhC Pre-Registration Exam,nervous_2,Central Nervous System Drugs,Haloperidol,,
T100,Top 100 Drugs for the GPhC Pre-Registration Exam,nervous_2,Central Nervous System Drugs,Quetiapine,,
T100,Top 100 Drugs for the GPhC Pre-Registration Exam,nervous_2,Central Nervous System Drugs,Clonazepam,,
T100,Top 100 Drugs for the GPhC Pre-Registration Exam,hormonal,Hormonal Therapies,Levothyroxine,,
T100,Top 100 Drugs for the GPhC Pre-Registration Exam,hormonal,Hormonal Therapies,Tamoxifen,,
T100,Top 100 Drugs for the GPhC Pre-Registration Exam,hormonal,Hormonal Therapies,Estradiol,,
T100,Top 100 Drugs for the GPhC Pre-Registration Exam,hormonal,Hormonal Therapies,Progesterone,,
T100,Top 100 Drugs for the GPhC Pre-Registration Exam,hormonal,Hormonal Therapies,Testosterone,,
T100,Top 100 Drugs for the GPhC Pre-Registration Exam,hormonal,Hormonal Therapies,Clomifene,,
T100,Top 100 Drugs for the GPhC Pre-Registration Exam,hormonal,Hormonal Therapies,Dutasteride,,
T100,Top 100 Drugs for the GPhC Pre-Registration Exam,hormonal,Hormonal Therapies,Finasteride,,
T100,Top 100 Drugs for the GPhC Pre-Registration Exam,hormonal,Hormonal Therapies,Mestranol,,
T100,Top 100 Drugs for the GPhC Pre-Registration Exam,hormonal,Hormonal Therapies,Norethisterone,,
T100,Top 100 Drugs for the GPhC Pre-Registration Exam,psychiatric,Psychiatric Medications,Sertraline,,
T100,Top 100 Drugs for the GPhC Pre-Registration Exam,psychiatric,Psychiatric Medications,Fluoxetine,,
T100,Top 100 Drugs for the GPhC Pre-Registration Exam,psychiatric,Psychiatric Medications,Citalopram,,
T100,Top 100 Drugs for the GPhC Pre-Registration Exam,psychiatric,Psychiatric Medications,Escitalopram,,
T100,Top 100 Drugs for the GPhC Pre-Registration Exam,psychiatric,Psychiatric Medications,Venlafaxine,,
T100,Top 100 Drugs for the GPhC Pre-Registration Exam,psychiatric,Psychiatric Medications,Duloxetine,,
T100,Top 100 Drugs for the GPhC Pre-Registration Exam,psychiatric,Psychiatric Medications,Amitriptyline,,
T100,Top 100 Drugs for the GPhC Pre-Registration Exam,psychiatric,Psychiatric Medications,Imipramine,,
T100,Top 100 Drugs for the GPhC Pre-Registration Exam,psychiatric,Psychiatric Medications,Nortriptyline,,
T100,Top 100 Drugs for the GPhC Pre-Registration Exam,psychiatric,Psychiatric Medications,Aripiprazole,,
T100,Top 100 Drugs for the GPhC Pre-Registration Exam,high-risk,Other High-Risk Medications,Warfarin,,
T100,Top 100 Drugs for the GPhC Pre-Registration Exam,high-risk,Other High-Risk Medications,Heparin,,
T100,Top 100 Drugs for the GPhC Pre-Registration Exam,high-risk,Other High-Risk Medications,Enoxaparin,,
T100,Top 100 Drugs for the GPhC Pre-Registration Exam,high-risk,Other High-Risk Medications,Methotrexate,,
T100,Top 100 Drugs for the GPhC Pre-Registration Exam,high-risk,Other High-Risk Medications,Cyclophosphamide,,
T100,Top 100 Drugs for the GPhC Pre-Registration Exam,high-risk,Other High-Risk Medications,Lithium Carbonate,,
T100,Top 100 Drugs for the GPhC Pre-Registration Exam,high-risk,Other High-Risk Medications,Vancomycin,,
T100,Top 100 Drugs for the GPhC Pre-Registration Exam,high-risk,Other High-Risk Medications,Digoxin,,
T100,Top 100 Drugs for the GPhC Pre-Registration Exam,high-risk,Other High-Risk Medications,Clopidogrel,,
T100,Top 100 Drugs for the GPhC Pre-Registration Exam,high-risk,Other High-Risk Medications,Insulin Detemir,,
CAL,Calculation Topics for the GPhC Pre-Reg Exam,intravenous,Intravenous (IV) Calculations,Flow Rates (mL/hour),,
CAL,Calculation Topics for the GPhC Pre-Reg Exam,intravenous,Intravenous (IV) Calculations,Drip Rates (gtts/min),,
CAL,Calculation Topics for the GPhC Pre-Reg Exam,intravenous,Intravenous (IV) Calculations,Total Volume Infusion,,